data,timestamp
"{'event': 'gtm.click', 'gtm.element': 'WebElement(tag=span, text=)', 'gtm.elementClasses': 'cta-content', 'gtm.elementId': '', 'gtm.elementTarget': '', 'gtm.elementUrl': '', 'gtm.triggers': '598,599,2452,2453,2454,2455,2456,2457,2458,2459,2460,2461,2462,2463,2464,2465,2466,2467,2468,2469,2470,2471,2472,2473,2474,2475,2476,2477,2478,2479,2480,2481,2482,2483,2484,2485,2486,2487,2488,2489,2490,2491,2492,2493,2494,2495,2496,2497,2498,2499,3477,3478,3479,3480,3481,3482,3483,3484,3485,3486,3487,3488', 'gtm.uniqueEventId': 3874}",2025-02-07T15:37:33.455Z
"{'event': 'gtm.linkClick', 'eventCallback': {}, 'eventTimeout': 2000, 'gtm.element': 'WebElement(tag=a, text=)', 'gtm.elementClasses': 'primary-link hero__primary-cta   icon-arrow-right', 'gtm.elementId': '', 'gtm.elementTarget': '_self', 'gtm.elementText': 'EXPLORE', 'gtm.elementUrl': 'https://www.landrover.co.uk/range-rover/index.html#explore', 'gtm.triggers': '8326285_29,8326285_77,8326285_108,8326285_111,8326285_113,8326285_115,8326285_120,8326285_121,8326285_123,8326285_148,8326285_176,8326285_178,8326285_185,8326285_790,8326285_791,8326285_794,8326285_860,8326285_930,8326285_931,8326285_932,8326285_933,8326285_934,8326285_935,8326285_936,8326285_937,8326285_938,8326285_939,8326285_952,8326285_962,8326285_967,8326285_973,8326285_1171,8326285_1190,8326285_1218,8326285_1847,8326285_1961,8326285_2011,8326285_2019,8326285_2097,498176_1112,498176_1642,498176_2424', 'gtm.uniqueEventId': 4319, 'gtm.willOpenInNewWindow': True}",2025-02-07T15:37:33.583Z
"{'getUntrustedMessageValue': {}, 'value': {'event': 'coreWebVitals', 'gtm.uniqueEventId': 5042, 'webVitalsMeasurement': {'delta': 1652.7999999970198, 'deltaRounded': 1653, 'id': 'v4-1738942626254-8707811875730', 'name': 'LCP', 'navigationType': 'navigate', 'rating': 'good', 'value': 1652.7999999970198, 'valueRounded': 1653}}}",2025-02-07T15:37:34.021Z
"{'event': 'gtm.click', 'gtm.element': 'WebElement(tag=a, text=)', 'gtm.elementClasses': ' secondary-link  None', 'gtm.elementId': '', 'gtm.elementTarget': '_self', 'gtm.elementUrl': 'https://www.landrover.co.uk/range-rover/stories/the-range-rover-story.html', 'gtm.triggers': '598,599,2452,2453,2454,2455,2456,2457,2458,2459,2460,2461,2462,2463,2464,2465,2466,2467,2468,2469,2470,2471,2472,2473,2474,2475,2476,2477,2478,2479,2480,2481,2482,2483,2484,2485,2486,2487,2488,2489,2490,2491,2492,2493,2494,2495,2496,2497,2498,2499,3477,3478,3479,3480,3481,3482,3483,3484,3485,3486,3487,3488', 'gtm.uniqueEventId': 5222}",2025-02-07T15:37:37.284Z
"{'event': 'gtm.linkClick', 'eventCallback': {}, 'eventTimeout': 2000, 'gtm.element': 'WebElement(tag=a, text=)', 'gtm.elementClasses': ' secondary-link  None', 'gtm.elementId': '', 'gtm.elementTarget': '_self', 'gtm.elementText': 'THE RANGE ROVER STORY', 'gtm.elementUrl': 'https://www.landrover.co.uk/range-rover/stories/the-range-rover-story.html', 'gtm.triggers': '8326285_29,8326285_77,8326285_108,8326285_111,8326285_113,8326285_115,8326285_120,8326285_121,8326285_123,8326285_148,8326285_176,8326285_178,8326285_185,8326285_790,8326285_791,8326285_794,8326285_860,8326285_930,8326285_931,8326285_932,8326285_933,8326285_934,8326285_935,8326285_936,8326285_937,8326285_938,8326285_939,8326285_952,8326285_962,8326285_967,8326285_973,8326285_1171,8326285_1190,8326285_1218,8326285_1847,8326285_1961,8326285_2011,8326285_2019,8326285_2097,498176_1112,498176_1642,498176_2424', 'gtm.uniqueEventId': 5667, 'gtm.willOpenInNewWindow': False}",2025-02-07T15:37:37.391Z
"{'event': 'gtm.click', 'gtm.element': 'WebElement(tag=a, text=)', 'gtm.elementClasses': 'primary-link hero__primary-cta   icon-arrow-right', 'gtm.elementId': '', 'gtm.elementTarget': '_self', 'gtm.elementUrl': 'https://www.landrover.co.uk/range-rover/range-rover-sport/index.html', 'gtm.triggers': '598,599,2452,2453,2454,2455,2456,2457,2458,2459,2460,2461,2462,2463,2464,2465,2466,2467,2468,2469,2470,2471,2472,2473,2474,2475,2476,2477,2478,2479,2480,2481,2482,2483,2484,2485,2486,2487,2488,2489,2490,2491,2492,2493,2494,2495,2496,2497,2498,2499,3477,3478,3479,3480,3481,3482,3483,3484,3485,3486,3487,3488', 'gtm.uniqueEventId': 6390}",2025-02-07T15:37:46.432Z
"{'event': 'gtm.linkClick', 'eventCallback': {}, 'eventTimeout': 2000, 'gtm.element': 'WebElement(tag=a, text=)', 'gtm.elementClasses': 'primary-link hero__primary-cta   icon-arrow-right', 'gtm.elementId': '', 'gtm.elementTarget': '_self', 'gtm.elementText': 'FIND OUT MORE', 'gtm.elementUrl': 'https://www.landrover.co.uk/range-rover/range-rover-sport/index.html', 'gtm.triggers': '8326285_29,8326285_77,8326285_108,8326285_111,8326285_113,8326285_115,8326285_120,8326285_121,8326285_123,8326285_148,8326285_176,8326285_178,8326285_185,8326285_790,8326285_791,8326285_794,8326285_860,8326285_930,8326285_931,8326285_932,8326285_933,8326285_934,8326285_935,8326285_936,8326285_937,8326285_938,8326285_939,8326285_952,8326285_962,8326285_967,8326285_973,8326285_1171,8326285_1190,8326285_1218,8326285_1847,8326285_1961,8326285_2011,8326285_2019,8326285_2097,498176_1112,498176_1642,498176_2424', 'gtm.uniqueEventId': 6835, 'gtm.willOpenInNewWindow': False}",2025-02-07T15:37:46.517Z
"{'event': 'gtm.click', 'gtm.element': 'WebElement(tag=span, text=)', 'gtm.elementClasses': 'cta-content', 'gtm.elementId': '', 'gtm.elementTarget': '', 'gtm.elementUrl': '', 'gtm.triggers': '598,599,2452,2453,2454,2455,2456,2457,2458,2459,2460,2461,2462,2463,2464,2465,2466,2467,2468,2469,2470,2471,2472,2473,2474,2475,2476,2477,2478,2479,2480,2481,2482,2483,2484,2485,2486,2487,2488,2489,2490,2491,2492,2493,2494,2495,2496,2497,2498,2499,3477,3478,3479,3480,3481,3482,3483,3484,3485,3486,3487,3488', 'gtm.uniqueEventId': 7558}",2025-02-07T15:38:00.944Z
"{'event': 'gtm.linkClick', 'eventCallback': {}, 'eventTimeout': 2000, 'gtm.element': 'WebElement(tag=a, text=)', 'gtm.elementClasses': 'primary-link hero__primary-cta   ', 'gtm.elementId': '', 'gtm.elementTarget': 'overlay', 'gtm.elementText': 'JOIN THE WAITING LIST', 'gtm.elementUrl': 'https://lrforms.landrover.co.uk/landr-gb-en/servlet/SmartForm.html?formCode=lr-l460kmiw-gb-en&_gl=1*jlwmyt*_gcl_au*MTY1OTk1NTAzMi4xNzI0OTI3Njkx*FPAU*MTY1OTk1NTAzMi4xNzI0OTI3Njkx*_ga*MTI0MzY3MTg4Ni4xNzI0OTI3Njky*_ga_Y00FXWJ0C0*MTcyNDkzNDU2Mi4yLjAuMTcyNDkzNDU3MS4wLjAuODc5ODQzMjY.*_fplc*d0dDa25rZTFmRUIwckxyVXBtTWYydVZ3c3VlVmtNYjRpazFSdGM0bTJucnVRTXZYWlI2SWkxS1h0RlFJY2tOM0UybmJCalZGSkpsRiUyRkc1SW1uUjV5cnhzZXRpZ1UxSE9GQVR0NU1UUHMlMkY5b29TMUp0NWxuRyUyQm5TWiUyQkdkNXclM0QlM0Q.', 'gtm.triggers': '8326285_29,8326285_77,8326285_108,8326285_111,8326285_113,8326285_115,8326285_120,8326285_121,8326285_123,8326285_148,8326285_176,8326285_178,8326285_185,8326285_790,8326285_791,8326285_794,8326285_860,8326285_930,8326285_931,8326285_932,8326285_933,8326285_934,8326285_935,8326285_936,8326285_937,8326285_938,8326285_939,8326285_952,8326285_962,8326285_967,8326285_973,8326285_1171,8326285_1190,8326285_1218,8326285_1847,8326285_1961,8326285_2011,8326285_2019,8326285_2097,498176_1112,498176_1642,498176_2424', 'gtm.uniqueEventId': 8003, 'gtm.willOpenInNewWindow': True}",2025-02-07T15:38:01.025Z
"{'event': 'gtm.click', 'gtm.element': 'WebElement(tag=a, text=)', 'gtm.elementClasses': ' secondary-link  ', 'gtm.elementId': '', 'gtm.elementTarget': 'overlay', 'gtm.elementUrl': 'https://lrforms.landrover.co.uk/landr-gb-en/servlet/SmartForm.html?formCode=lr-l460kmi-gb-en&_gl=1*1lqz9b6*_gcl_au*MTY1OTk1NTAzMi4xNzI0OTI3Njkx*FPAU*MTY1OTk1NTAzMi4xNzI0OTI3Njkx*_ga*MTI0MzY3MTg4Ni4xNzI0OTI3Njky*_ga_Y00FXWJ0C0*MTcyNDkzNDU2Mi4yLjAuMTcyNDkzNDU3MS4wLjAuODc5ODQzMjY.*_fplc*d0dDa25rZTFmRUIwckxyVXBtTWYydVZ3c3VlVmtNYjRpazFSdGM0bTJucnVRTXZYWlI2SWkxS1h0RlFJY2tOM0UybmJCalZGSkpsRiUyRkc1SW1uUjV5cnhzZXRpZ1UxSE9GQVR0NU1UUHMlMkY5b29TMUp0NWxuRyUyQm5TWiUyQkdkNXclM0QlM0Q.', 'gtm.triggers': '598,599,2452,2453,2454,2455,2456,2457,2458,2459,2460,2461,2462,2463,2464,2465,2466,2467,2468,2469,2470,2471,2472,2473,2474,2475,2476,2477,2478,2479,2480,2481,2482,2483,2484,2485,2486,2487,2488,2489,2490,2491,2492,2493,2494,2495,2496,2497,2498,2499,3477,3478,3479,3480,3481,3482,3483,3484,3485,3486,3487,3488', 'gtm.uniqueEventId': 8726}",2025-02-07T15:38:04.483Z
"{'event': 'gtm.linkClick', 'eventCallback': {}, 'eventTimeout': 2000, 'gtm.element': 'WebElement(tag=a, text=)', 'gtm.elementClasses': ' secondary-link  ', 'gtm.elementId': '', 'gtm.elementTarget': 'overlay', 'gtm.elementText': 'KEEP ME INFORMED', 'gtm.elementUrl': 'https://lrforms.landrover.co.uk/landr-gb-en/servlet/SmartForm.html?formCode=lr-l460kmi-gb-en&_gl=1*1lqz9b6*_gcl_au*MTY1OTk1NTAzMi4xNzI0OTI3Njkx*FPAU*MTY1OTk1NTAzMi4xNzI0OTI3Njkx*_ga*MTI0MzY3MTg4Ni4xNzI0OTI3Njky*_ga_Y00FXWJ0C0*MTcyNDkzNDU2Mi4yLjAuMTcyNDkzNDU3MS4wLjAuODc5ODQzMjY.*_fplc*d0dDa25rZTFmRUIwckxyVXBtTWYydVZ3c3VlVmtNYjRpazFSdGM0bTJucnVRTXZYWlI2SWkxS1h0RlFJY2tOM0UybmJCalZGSkpsRiUyRkc1SW1uUjV5cnhzZXRpZ1UxSE9GQVR0NU1UUHMlMkY5b29TMUp0NWxuRyUyQm5TWiUyQkdkNXclM0QlM0Q.', 'gtm.triggers': '8326285_29,8326285_77,8326285_108,8326285_111,8326285_113,8326285_115,8326285_120,8326285_121,8326285_123,8326285_148,8326285_176,8326285_178,8326285_185,8326285_790,8326285_791,8326285_794,8326285_860,8326285_930,8326285_931,8326285_932,8326285_933,8326285_934,8326285_935,8326285_936,8326285_937,8326285_938,8326285_939,8326285_952,8326285_962,8326285_967,8326285_973,8326285_1171,8326285_1190,8326285_1218,8326285_1847,8326285_1961,8326285_2011,8326285_2019,8326285_2097,498176_1112,498176_1642,498176_2424', 'gtm.uniqueEventId': 9171, 'gtm.willOpenInNewWindow': True}",2025-02-07T15:38:04.560Z
"{'event': 'gtm.click', 'gtm.element': 'WebElement(tag=span, text=)', 'gtm.elementClasses': 'cta-content', 'gtm.elementId': '', 'gtm.elementTarget': '', 'gtm.elementUrl': '', 'gtm.triggers': '598,599,2452,2453,2454,2455,2456,2457,2458,2459,2460,2461,2462,2463,2464,2465,2466,2467,2468,2469,2470,2471,2472,2473,2474,2475,2476,2477,2478,2479,2480,2481,2482,2483,2484,2485,2486,2487,2488,2489,2490,2491,2492,2493,2494,2495,2496,2497,2498,2499,3477,3478,3479,3480,3481,3482,3483,3484,3485,3486,3487,3488', 'gtm.uniqueEventId': 9894}",2025-02-07T15:38:07.943Z
"{'event': 'gtm.linkClick', 'eventCallback': {}, 'eventTimeout': 2000, 'gtm.element': 'WebElement(tag=a, text=)', 'gtm.elementClasses': ' secondary-link  ', 'gtm.elementId': '', 'gtm.elementTarget': 'overlay', 'gtm.elementText': 'KEEP ME INFORMED', 'gtm.elementUrl': 'https://lrforms.landrover.co.uk/landr-gb-en/servlet/SmartForm.html?formCode=lr-l460kmi-gb-en&_gl=1*1lqz9b6*_gcl_au*MTY1OTk1NTAzMi4xNzI0OTI3Njkx*FPAU*MTY1OTk1NTAzMi4xNzI0OTI3Njkx*_ga*MTI0MzY3MTg4Ni4xNzI0OTI3Njky*_ga_Y00FXWJ0C0*MTcyNDkzNDU2Mi4yLjAuMTcyNDkzNDU3MS4wLjAuODc5ODQzMjY.*_fplc*d0dDa25rZTFmRUIwckxyVXBtTWYydVZ3c3VlVmtNYjRpazFSdGM0bTJucnVRTXZYWlI2SWkxS1h0RlFJY2tOM0UybmJCalZGSkpsRiUyRkc1SW1uUjV5cnhzZXRpZ1UxSE9GQVR0NU1UUHMlMkY5b29TMUp0NWxuRyUyQm5TWiUyQkdkNXclM0QlM0Q.', 'gtm.triggers': '8326285_29,8326285_77,8326285_108,8326285_111,8326285_113,8326285_115,8326285_120,8326285_121,8326285_123,8326285_148,8326285_176,8326285_178,8326285_185,8326285_790,8326285_791,8326285_794,8326285_860,8326285_930,8326285_931,8326285_932,8326285_933,8326285_934,8326285_935,8326285_936,8326285_937,8326285_938,8326285_939,8326285_952,8326285_962,8326285_967,8326285_973,8326285_1171,8326285_1190,8326285_1218,8326285_1847,8326285_1961,8326285_2011,8326285_2019,8326285_2097,498176_1112,498176_1642,498176_2424', 'gtm.uniqueEventId': 10339, 'gtm.willOpenInNewWindow': True}",2025-02-07T15:38:08.009Z
"{'event': 'gtm.click', 'gtm.element': 'WebElement(tag=a, text=FIND OUT MORE)', 'gtm.elementClasses': 'primary-link hero__primary-cta   icon-arrow-right', 'gtm.elementId': '', 'gtm.elementTarget': '_self', 'gtm.elementUrl': 'https://www.landrover.co.uk/range-rover/range-rover-sport/index.html#sv-edition-two', 'gtm.triggers': '598,599,2452,2453,2454,2455,2456,2457,2458,2459,2460,2461,2462,2463,2464,2465,2466,2467,2468,2469,2470,2471,2472,2473,2474,2475,2476,2477,2478,2479,2480,2481,2482,2483,2484,2485,2486,2487,2488,2489,2490,2491,2492,2493,2494,2495,2496,2497,2498,2499,3477,3478,3479,3480,3481,3482,3483,3484,3485,3486,3487,3488', 'gtm.uniqueEventId': 11062}",2025-02-07T15:38:11.416Z
"{'event': 'gtm.linkClick', 'eventCallback': {}, 'eventTimeout': 2000, 'gtm.element': 'WebElement(tag=a, text=FIND OUT MORE)', 'gtm.elementClasses': 'primary-link hero__primary-cta   icon-arrow-right', 'gtm.elementId': '', 'gtm.elementTarget': '_self', 'gtm.elementText': 'FIND OUT MORE', 'gtm.elementUrl': 'https://www.landrover.co.uk/range-rover/range-rover-sport/index.html#sv-edition-two', 'gtm.triggers': '8326285_29,8326285_77,8326285_108,8326285_111,8326285_113,8326285_115,8326285_120,8326285_121,8326285_123,8326285_148,8326285_176,8326285_178,8326285_185,8326285_790,8326285_791,8326285_794,8326285_860,8326285_930,8326285_931,8326285_932,8326285_933,8326285_934,8326285_935,8326285_936,8326285_937,8326285_938,8326285_939,8326285_952,8326285_962,8326285_967,8326285_973,8326285_1171,8326285_1190,8326285_1218,8326285_1847,8326285_1961,8326285_2011,8326285_2019,8326285_2097,498176_1112,498176_1642,498176_2424', 'gtm.uniqueEventId': 11507, 'gtm.willOpenInNewWindow': False}",2025-02-07T15:38:11.498Z
"{'event': 'gtm.click', 'gtm.element': 'WebElement(tag=span, text=FIND OUT MORE)', 'gtm.elementClasses': 'cta-content', 'gtm.elementId': '', 'gtm.elementTarget': '', 'gtm.elementUrl': '', 'gtm.triggers': '598,599,2452,2453,2454,2455,2456,2457,2458,2459,2460,2461,2462,2463,2464,2465,2466,2467,2468,2469,2470,2471,2472,2473,2474,2475,2476,2477,2478,2479,2480,2481,2482,2483,2484,2485,2486,2487,2488,2489,2490,2491,2492,2493,2494,2495,2496,2497,2498,2499,3477,3478,3479,3480,3481,3482,3483,3484,3485,3486,3487,3488', 'gtm.uniqueEventId': 12230}",2025-02-07T15:38:14.923Z
"{'event': 'gtm.linkClick', 'eventCallback': {}, 'eventTimeout': 2000, 'gtm.element': 'WebElement(tag=a, text=FIND OUT MORE)', 'gtm.elementClasses': 'primary-link hero__primary-cta   icon-arrow-right', 'gtm.elementId': '', 'gtm.elementTarget': '_self', 'gtm.elementText': 'FIND OUT MORE', 'gtm.elementUrl': 'https://www.landrover.co.uk/range-rover/range-rover-sport/index.html#sv-edition-two', 'gtm.triggers': '8326285_29,8326285_77,8326285_108,8326285_111,8326285_113,8326285_115,8326285_120,8326285_121,8326285_123,8326285_148,8326285_176,8326285_178,8326285_185,8326285_790,8326285_791,8326285_794,8326285_860,8326285_930,8326285_931,8326285_932,8326285_933,8326285_934,8326285_935,8326285_936,8326285_937,8326285_938,8326285_939,8326285_952,8326285_962,8326285_967,8326285_973,8326285_1171,8326285_1190,8326285_1218,8326285_1847,8326285_1961,8326285_2011,8326285_2019,8326285_2097,498176_1112,498176_1642,498176_2424', 'gtm.uniqueEventId': 12675, 'gtm.willOpenInNewWindow': False}",2025-02-07T15:38:14.984Z
"{'event': 'gtm.click', 'gtm.element': 'WebElement(tag=a, text=BUILD YOUR OWN)', 'gtm.elementClasses': ' secondary-link  None', 'gtm.elementId': '', 'gtm.elementTarget': '_self', 'gtm.elementUrl': 'https://buildyour.landrover.co.uk/lr/en_gb/l461_k25', 'gtm.triggers': '598,599,2452,2453,2454,2455,2456,2457,2458,2459,2460,2461,2462,2463,2464,2465,2466,2467,2468,2469,2470,2471,2472,2473,2474,2475,2476,2477,2478,2479,2480,2481,2482,2483,2484,2485,2486,2487,2488,2489,2490,2491,2492,2493,2494,2495,2496,2497,2498,2499,3477,3478,3479,3480,3481,3482,3483,3484,3485,3486,3487,3488', 'gtm.uniqueEventId': 13398}",2025-02-07T15:38:18.392Z
"{'event': 'gtm.linkClick', 'eventCallback': {}, 'eventTimeout': 2000, 'gtm.element': 'WebElement(tag=a, text=BUILD YOUR OWN)', 'gtm.elementClasses': ' secondary-link  None', 'gtm.elementId': '', 'gtm.elementTarget': '_self', 'gtm.elementText': 'BUILD YOUR OWN', 'gtm.elementUrl': 'https://buildyour.landrover.co.uk/lr/en_gb/l461_k25', 'gtm.triggers': '8326285_29,8326285_77,8326285_108,8326285_111,8326285_113,8326285_115,8326285_120,8326285_121,8326285_123,8326285_148,8326285_176,8326285_178,8326285_185,8326285_790,8326285_791,8326285_794,8326285_860,8326285_930,8326285_931,8326285_932,8326285_933,8326285_934,8326285_935,8326285_936,8326285_937,8326285_938,8326285_939,8326285_952,8326285_962,8326285_967,8326285_973,8326285_1171,8326285_1190,8326285_1218,8326285_1847,8326285_1961,8326285_2011,8326285_2019,8326285_2097,498176_1112,498176_1642,498176_2424', 'gtm.uniqueEventId': 13843, 'gtm.willOpenInNewWindow': False}",2025-02-07T15:38:18.471Z
"{'event': 'gtm.click', 'gtm.element': 'WebElement(tag=span, text=BUILD YOUR OWN)', 'gtm.elementClasses': 'cta-content', 'gtm.elementId': '', 'gtm.elementTarget': '', 'gtm.elementUrl': '', 'gtm.triggers': '598,599,2452,2453,2454,2455,2456,2457,2458,2459,2460,2461,2462,2463,2464,2465,2466,2467,2468,2469,2470,2471,2472,2473,2474,2475,2476,2477,2478,2479,2480,2481,2482,2483,2484,2485,2486,2487,2488,2489,2490,2491,2492,2493,2494,2495,2496,2497,2498,2499,3477,3478,3479,3480,3481,3482,3483,3484,3485,3486,3487,3488', 'gtm.uniqueEventId': 14566}",2025-02-07T15:38:21.868Z
"{'event': 'gtm.linkClick', 'eventCallback': {}, 'eventTimeout': 2000, 'gtm.element': 'WebElement(tag=a, text=BUILD YOUR OWN)', 'gtm.elementClasses': ' secondary-link  None', 'gtm.elementId': '', 'gtm.elementTarget': '_self', 'gtm.elementText': 'BUILD YOUR OWN', 'gtm.elementUrl': 'https://buildyour.landrover.co.uk/lr/en_gb/l461_k25', 'gtm.triggers': '8326285_29,8326285_77,8326285_108,8326285_111,8326285_113,8326285_115,8326285_120,8326285_121,8326285_123,8326285_148,8326285_176,8326285_178,8326285_185,8326285_790,8326285_791,8326285_794,8326285_860,8326285_930,8326285_931,8326285_932,8326285_933,8326285_934,8326285_935,8326285_936,8326285_937,8326285_938,8326285_939,8326285_952,8326285_962,8326285_967,8326285_973,8326285_1171,8326285_1190,8326285_1218,8326285_1847,8326285_1961,8326285_2011,8326285_2019,8326285_2097,498176_1112,498176_1642,498176_2424', 'gtm.uniqueEventId': 15011, 'gtm.willOpenInNewWindow': False}",2025-02-07T15:38:21.938Z
"{'event': 'gtm.click', 'gtm.element': 'WebElement(tag=span, text=EXPLORE)', 'gtm.elementClasses': 'cta-content', 'gtm.elementId': '', 'gtm.elementTarget': '', 'gtm.elementUrl': '', 'gtm.triggers': '598,599,2452,2453,2454,2455,2456,2457,2458,2459,2460,2461,2462,2463,2464,2465,2466,2467,2468,2469,2470,2471,2472,2473,2474,2475,2476,2477,2478,2479,2480,2481,2482,2483,2484,2485,2486,2487,2488,2489,2490,2491,2492,2493,2494,2495,2496,2497,2498,2499,3477,3478,3479,3480,3481,3482,3483,3484,3485,3486,3487,3488', 'gtm.uniqueEventId': 15734}",2025-02-07T15:38:25.415Z
"{'event': 'gtm.linkClick', 'eventCallback': {}, 'eventTimeout': 2000, 'gtm.element': 'WebElement(tag=a, text=EXPLORE)', 'gtm.elementClasses': 'primary-link icon-arrow-right', 'gtm.elementId': '', 'gtm.elementTarget': '_self', 'gtm.elementText': 'EXPLORE', 'gtm.elementUrl': 'https://www.landrover.co.uk/range-rover/range-rover/index.html', 'gtm.triggers': '8326285_29,8326285_77,8326285_108,8326285_111,8326285_113,8326285_115,8326285_120,8326285_121,8326285_123,8326285_148,8326285_176,8326285_178,8326285_185,8326285_790,8326285_791,8326285_794,8326285_860,8326285_930,8326285_931,8326285_932,8326285_933,8326285_934,8326285_935,8326285_936,8326285_937,8326285_938,8326285_939,8326285_952,8326285_962,8326285_967,8326285_973,8326285_1171,8326285_1190,8326285_1218,8326285_1847,8326285_1961,8326285_2011,8326285_2019,8326285_2097,498176_1112,498176_1642,498176_2424', 'gtm.uniqueEventId': 16179, 'gtm.willOpenInNewWindow': False}",2025-02-07T15:38:25.492Z
"{'event': 'gtm.click', 'gtm.element': 'WebElement(tag=a, text=BUILD AND ORDER)', 'gtm.elementClasses': 'secondary-link None', 'gtm.elementId': '', 'gtm.elementTarget': '_self', 'gtm.elementUrl': 'https://buildyour.landrover.co.uk/lr/en_gb/l460/ipr/personalise/', 'gtm.triggers': '598,599,2452,2453,2454,2455,2456,2457,2458,2459,2460,2461,2462,2463,2464,2465,2466,2467,2468,2469,2470,2471,2472,2473,2474,2475,2476,2477,2478,2479,2480,2481,2482,2483,2484,2485,2486,2487,2488,2489,2490,2491,2492,2493,2494,2495,2496,2497,2498,2499,3477,3478,3479,3480,3481,3482,3483,3484,3485,3486,3487,3488', 'gtm.uniqueEventId': 16902}",2025-02-07T15:38:28.924Z
"{'event': 'gtm.linkClick', 'eventCallback': {}, 'eventTimeout': 2000, 'gtm.element': 'WebElement(tag=a, text=BUILD AND ORDER)', 'gtm.elementClasses': 'secondary-link None', 'gtm.elementId': '', 'gtm.elementTarget': '_self', 'gtm.elementText': 'BUILD AND ORDER', 'gtm.elementUrl': 'https://buildyour.landrover.co.uk/lr/en_gb/l460/ipr/personalise/', 'gtm.triggers': '8326285_29,8326285_77,8326285_108,8326285_111,8326285_113,8326285_115,8326285_120,8326285_121,8326285_123,8326285_148,8326285_176,8326285_178,8326285_185,8326285_790,8326285_791,8326285_794,8326285_860,8326285_930,8326285_931,8326285_932,8326285_933,8326285_934,8326285_935,8326285_936,8326285_937,8326285_938,8326285_939,8326285_952,8326285_962,8326285_967,8326285_973,8326285_1171,8326285_1190,8326285_1218,8326285_1847,8326285_1961,8326285_2011,8326285_2019,8326285_2097,498176_1112,498176_1642,498176_2424', 'gtm.uniqueEventId': 17347, 'gtm.willOpenInNewWindow': False}",2025-02-07T15:38:28.994Z
"{'event': 'gtm.click', 'gtm.element': 'WebElement(tag=span, text=BUILD AND ORDER)', 'gtm.elementClasses': 'cta-content', 'gtm.elementId': '', 'gtm.elementTarget': '', 'gtm.elementUrl': '', 'gtm.triggers': '598,599,2452,2453,2454,2455,2456,2457,2458,2459,2460,2461,2462,2463,2464,2465,2466,2467,2468,2469,2470,2471,2472,2473,2474,2475,2476,2477,2478,2479,2480,2481,2482,2483,2484,2485,2486,2487,2488,2489,2490,2491,2492,2493,2494,2495,2496,2497,2498,2499,3477,3478,3479,3480,3481,3482,3483,3484,3485,3486,3487,3488', 'gtm.uniqueEventId': 18070}",2025-02-07T15:38:32.444Z
"{'event': 'gtm.linkClick', 'eventCallback': {}, 'eventTimeout': 2000, 'gtm.element': 'WebElement(tag=a, text=BUILD AND ORDER)', 'gtm.elementClasses': 'secondary-link None', 'gtm.elementId': '', 'gtm.elementTarget': '_self', 'gtm.elementText': 'BUILD AND ORDER', 'gtm.elementUrl': 'https://buildyour.landrover.co.uk/lr/en_gb/l460/ipr/personalise/', 'gtm.triggers': '8326285_29,8326285_77,8326285_108,8326285_111,8326285_113,8326285_115,8326285_120,8326285_121,8326285_123,8326285_148,8326285_176,8326285_178,8326285_185,8326285_790,8326285_791,8326285_794,8326285_860,8326285_930,8326285_931,8326285_932,8326285_933,8326285_934,8326285_935,8326285_936,8326285_937,8326285_938,8326285_939,8326285_952,8326285_962,8326285_967,8326285_973,8326285_1171,8326285_1190,8326285_1218,8326285_1847,8326285_1961,8326285_2011,8326285_2019,8326285_2097,498176_1112,498176_1642,498176_2424', 'gtm.uniqueEventId': 18515, 'gtm.willOpenInNewWindow': False}",2025-02-07T15:38:32.513Z
"{'event': 'gtm.click', 'gtm.element': 'WebElement(tag=span, text=EXPLORE)', 'gtm.elementClasses': 'cta-content', 'gtm.elementId': '', 'gtm.elementTarget': '', 'gtm.elementUrl': '', 'gtm.triggers': '598,599,2452,2453,2454,2455,2456,2457,2458,2459,2460,2461,2462,2463,2464,2465,2466,2467,2468,2469,2470,2471,2472,2473,2474,2475,2476,2477,2478,2479,2480,2481,2482,2483,2484,2485,2486,2487,2488,2489,2490,2491,2492,2493,2494,2495,2496,2497,2498,2499,3477,3478,3479,3480,3481,3482,3483,3484,3485,3486,3487,3488', 'gtm.uniqueEventId': 19238}",2025-02-07T15:38:35.930Z
"{'event': 'gtm.linkClick', 'eventCallback': {}, 'eventTimeout': 2000, 'gtm.element': 'WebElement(tag=a, text=EXPLORE)', 'gtm.elementClasses': 'primary-link icon-arrow-right', 'gtm.elementId': '', 'gtm.elementTarget': '_self', 'gtm.elementText': 'EXPLORE', 'gtm.elementUrl': 'https://www.landrover.co.uk/range-rover/range-rover-sport/index.html', 'gtm.triggers': '8326285_29,8326285_77,8326285_108,8326285_111,8326285_113,8326285_115,8326285_120,8326285_121,8326285_123,8326285_148,8326285_176,8326285_178,8326285_185,8326285_790,8326285_791,8326285_794,8326285_860,8326285_930,8326285_931,8326285_932,8326285_933,8326285_934,8326285_935,8326285_936,8326285_937,8326285_938,8326285_939,8326285_952,8326285_962,8326285_967,8326285_973,8326285_1171,8326285_1190,8326285_1218,8326285_1847,8326285_1961,8326285_2011,8326285_2019,8326285_2097,498176_1112,498176_1642,498176_2424', 'gtm.uniqueEventId': 19683, 'gtm.willOpenInNewWindow': False}",2025-02-07T15:38:35.997Z
"{'event': 'gtm.click', 'gtm.element': 'WebElement(tag=a, text=BUILD AND ORDER)', 'gtm.elementClasses': 'secondary-link None', 'gtm.elementId': '', 'gtm.elementTarget': '_self', 'gtm.elementUrl': 'https://buildyour.landrover.co.uk/lr/en_gb/l461/ipr/personalise/', 'gtm.triggers': '598,599,2452,2453,2454,2455,2456,2457,2458,2459,2460,2461,2462,2463,2464,2465,2466,2467,2468,2469,2470,2471,2472,2473,2474,2475,2476,2477,2478,2479,2480,2481,2482,2483,2484,2485,2486,2487,2488,2489,2490,2491,2492,2493,2494,2495,2496,2497,2498,2499,3477,3478,3479,3480,3481,3482,3483,3484,3485,3486,3487,3488', 'gtm.uniqueEventId': 20406}",2025-02-07T15:38:39.414Z
"{'event': 'gtm.linkClick', 'eventCallback': {}, 'eventTimeout': 2000, 'gtm.element': 'WebElement(tag=a, text=BUILD AND ORDER)', 'gtm.elementClasses': 'secondary-link None', 'gtm.elementId': '', 'gtm.elementTarget': '_self', 'gtm.elementText': 'BUILD AND ORDER', 'gtm.elementUrl': 'https://buildyour.landrover.co.uk/lr/en_gb/l461/ipr/personalise/', 'gtm.triggers': '8326285_29,8326285_77,8326285_108,8326285_111,8326285_113,8326285_115,8326285_120,8326285_121,8326285_123,8326285_148,8326285_176,8326285_178,8326285_185,8326285_790,8326285_791,8326285_794,8326285_860,8326285_930,8326285_931,8326285_932,8326285_933,8326285_934,8326285_935,8326285_936,8326285_937,8326285_938,8326285_939,8326285_952,8326285_962,8326285_967,8326285_973,8326285_1171,8326285_1190,8326285_1218,8326285_1847,8326285_1961,8326285_2011,8326285_2019,8326285_2097,498176_1112,498176_1642,498176_2424', 'gtm.uniqueEventId': 20851, 'gtm.willOpenInNewWindow': False}",2025-02-07T15:38:39.490Z
"{'event': 'gtm.click', 'gtm.element': 'WebElement(tag=span, text=BUILD AND ORDER)', 'gtm.elementClasses': 'cta-content', 'gtm.elementId': '', 'gtm.elementTarget': '', 'gtm.elementUrl': '', 'gtm.triggers': '598,599,2452,2453,2454,2455,2456,2457,2458,2459,2460,2461,2462,2463,2464,2465,2466,2467,2468,2469,2470,2471,2472,2473,2474,2475,2476,2477,2478,2479,2480,2481,2482,2483,2484,2485,2486,2487,2488,2489,2490,2491,2492,2493,2494,2495,2496,2497,2498,2499,3477,3478,3479,3480,3481,3482,3483,3484,3485,3486,3487,3488', 'gtm.uniqueEventId': 21574}",2025-02-07T15:38:42.872Z
"{'event': 'gtm.linkClick', 'eventCallback': {}, 'eventTimeout': 2000, 'gtm.element': 'WebElement(tag=a, text=BUILD AND ORDER)', 'gtm.elementClasses': 'secondary-link None', 'gtm.elementId': '', 'gtm.elementTarget': '_self', 'gtm.elementText': 'BUILD AND ORDER', 'gtm.elementUrl': 'https://buildyour.landrover.co.uk/lr/en_gb/l461/ipr/personalise/', 'gtm.triggers': '8326285_29,8326285_77,8326285_108,8326285_111,8326285_113,8326285_115,8326285_120,8326285_121,8326285_123,8326285_148,8326285_176,8326285_178,8326285_185,8326285_790,8326285_791,8326285_794,8326285_860,8326285_930,8326285_931,8326285_932,8326285_933,8326285_934,8326285_935,8326285_936,8326285_937,8326285_938,8326285_939,8326285_952,8326285_962,8326285_967,8326285_973,8326285_1171,8326285_1190,8326285_1218,8326285_1847,8326285_1961,8326285_2011,8326285_2019,8326285_2097,498176_1112,498176_1642,498176_2424', 'gtm.uniqueEventId': 22019, 'gtm.willOpenInNewWindow': False}",2025-02-07T15:38:42.942Z
"{'event': 'gtm.click', 'gtm.element': 'WebElement(tag=span, text=EXPLORE)', 'gtm.elementClasses': 'cta-content', 'gtm.elementId': '', 'gtm.elementTarget': '', 'gtm.elementUrl': '', 'gtm.triggers': '598,599,2452,2453,2454,2455,2456,2457,2458,2459,2460,2461,2462,2463,2464,2465,2466,2467,2468,2469,2470,2471,2472,2473,2474,2475,2476,2477,2478,2479,2480,2481,2482,2483,2484,2485,2486,2487,2488,2489,2490,2491,2492,2493,2494,2495,2496,2497,2498,2499,3477,3478,3479,3480,3481,3482,3483,3484,3485,3486,3487,3488', 'gtm.uniqueEventId': 22742}",2025-02-07T15:38:46.401Z
"{'event': 'gtm.linkClick', 'eventCallback': {}, 'eventTimeout': 2000, 'gtm.element': 'WebElement(tag=a, text=EXPLORE)', 'gtm.elementClasses': 'primary-link icon-arrow-right', 'gtm.elementId': '', 'gtm.elementTarget': '_self', 'gtm.elementText': 'EXPLORE', 'gtm.elementUrl': 'https://www.landrover.co.uk/range-rover/range-rover-velar/index.html', 'gtm.triggers': '8326285_29,8326285_77,8326285_108,8326285_111,8326285_113,8326285_115,8326285_120,8326285_121,8326285_123,8326285_148,8326285_176,8326285_178,8326285_185,8326285_790,8326285_791,8326285_794,8326285_860,8326285_930,8326285_931,8326285_932,8326285_933,8326285_934,8326285_935,8326285_936,8326285_937,8326285_938,8326285_939,8326285_952,8326285_962,8326285_967,8326285_973,8326285_1171,8326285_1190,8326285_1218,8326285_1847,8326285_1961,8326285_2011,8326285_2019,8326285_2097,498176_1112,498176_1642,498176_2424', 'gtm.uniqueEventId': 23187, 'gtm.willOpenInNewWindow': False}",2025-02-07T15:38:46.466Z
"{'event': 'gtm.click', 'gtm.element': 'WebElement(tag=a, text=BUILD AND ORDER)', 'gtm.elementClasses': 'secondary-link None', 'gtm.elementId': '', 'gtm.elementTarget': '_self', 'gtm.elementUrl': 'https://buildyour.landrover.co.uk/lr/en_gb/l560/ipr/personalise/', 'gtm.triggers': '598,599,2452,2453,2454,2455,2456,2457,2458,2459,2460,2461,2462,2463,2464,2465,2466,2467,2468,2469,2470,2471,2472,2473,2474,2475,2476,2477,2478,2479,2480,2481,2482,2483,2484,2485,2486,2487,2488,2489,2490,2491,2492,2493,2494,2495,2496,2497,2498,2499,3477,3478,3479,3480,3481,3482,3483,3484,3485,3486,3487,3488', 'gtm.uniqueEventId': 23910}",2025-02-07T15:38:49.995Z
"{'event': 'gtm.linkClick', 'eventCallback': {}, 'eventTimeout': 2000, 'gtm.element': 'WebElement(tag=a, text=BUILD AND ORDER)', 'gtm.elementClasses': 'secondary-link None', 'gtm.elementId': '', 'gtm.elementTarget': '_self', 'gtm.elementText': 'BUILD AND ORDER', 'gtm.elementUrl': 'https://buildyour.landrover.co.uk/lr/en_gb/l560/ipr/personalise/', 'gtm.triggers': '8326285_29,8326285_77,8326285_108,8326285_111,8326285_113,8326285_115,8326285_120,8326285_121,8326285_123,8326285_148,8326285_176,8326285_178,8326285_185,8326285_790,8326285_791,8326285_794,8326285_860,8326285_930,8326285_931,8326285_932,8326285_933,8326285_934,8326285_935,8326285_936,8326285_937,8326285_938,8326285_939,8326285_952,8326285_962,8326285_967,8326285_973,8326285_1171,8326285_1190,8326285_1218,8326285_1847,8326285_1961,8326285_2011,8326285_2019,8326285_2097,498176_1112,498176_1642,498176_2424', 'gtm.uniqueEventId': 24355, 'gtm.willOpenInNewWindow': False}",2025-02-07T15:38:50.091Z
"{'event': 'gtm.click', 'gtm.element': 'WebElement(tag=span, text=BUILD AND ORDER)', 'gtm.elementClasses': 'cta-content', 'gtm.elementId': '', 'gtm.elementTarget': '', 'gtm.elementUrl': '', 'gtm.triggers': '598,599,2452,2453,2454,2455,2456,2457,2458,2459,2460,2461,2462,2463,2464,2465,2466,2467,2468,2469,2470,2471,2472,2473,2474,2475,2476,2477,2478,2479,2480,2481,2482,2483,2484,2485,2486,2487,2488,2489,2490,2491,2492,2493,2494,2495,2496,2497,2498,2499,3477,3478,3479,3480,3481,3482,3483,3484,3485,3486,3487,3488', 'gtm.uniqueEventId': 25078}",2025-02-07T15:38:53.498Z
"{'event': 'gtm.linkClick', 'eventCallback': {}, 'eventTimeout': 2000, 'gtm.element': 'WebElement(tag=a, text=BUILD AND ORDER)', 'gtm.elementClasses': 'secondary-link None', 'gtm.elementId': '', 'gtm.elementTarget': '_self', 'gtm.elementText': 'BUILD AND ORDER', 'gtm.elementUrl': 'https://buildyour.landrover.co.uk/lr/en_gb/l560/ipr/personalise/', 'gtm.triggers': '8326285_29,8326285_77,8326285_108,8326285_111,8326285_113,8326285_115,8326285_120,8326285_121,8326285_123,8326285_148,8326285_176,8326285_178,8326285_185,8326285_790,8326285_791,8326285_794,8326285_860,8326285_930,8326285_931,8326285_932,8326285_933,8326285_934,8326285_935,8326285_936,8326285_937,8326285_938,8326285_939,8326285_952,8326285_962,8326285_967,8326285_973,8326285_1171,8326285_1190,8326285_1218,8326285_1847,8326285_1961,8326285_2011,8326285_2019,8326285_2097,498176_1112,498176_1642,498176_2424', 'gtm.uniqueEventId': 25523, 'gtm.willOpenInNewWindow': False}",2025-02-07T15:38:53.598Z
"{'event': 'gtm.click', 'gtm.element': 'WebElement(tag=span, text=EXPLORE)', 'gtm.elementClasses': 'cta-content', 'gtm.elementId': '', 'gtm.elementTarget': '', 'gtm.elementUrl': '', 'gtm.triggers': '598,599,2452,2453,2454,2455,2456,2457,2458,2459,2460,2461,2462,2463,2464,2465,2466,2467,2468,2469,2470,2471,2472,2473,2474,2475,2476,2477,2478,2479,2480,2481,2482,2483,2484,2485,2486,2487,2488,2489,2490,2491,2492,2493,2494,2495,2496,2497,2498,2499,3477,3478,3479,3480,3481,3482,3483,3484,3485,3486,3487,3488', 'gtm.uniqueEventId': 26246}",2025-02-07T15:38:56.994Z
"{'event': 'gtm.linkClick', 'eventCallback': {}, 'eventTimeout': 2000, 'gtm.element': 'WebElement(tag=a, text=EXPLORE)', 'gtm.elementClasses': 'primary-link icon-arrow-right', 'gtm.elementId': '', 'gtm.elementTarget': '_self', 'gtm.elementText': 'EXPLORE', 'gtm.elementUrl': 'https://www.landrover.co.uk/range-rover/range-rover-evoque/index.html', 'gtm.triggers': '8326285_29,8326285_77,8326285_108,8326285_111,8326285_113,8326285_115,8326285_120,8326285_121,8326285_123,8326285_148,8326285_176,8326285_178,8326285_185,8326285_790,8326285_791,8326285_794,8326285_860,8326285_930,8326285_931,8326285_932,8326285_933,8326285_934,8326285_935,8326285_936,8326285_937,8326285_938,8326285_939,8326285_952,8326285_962,8326285_967,8326285_973,8326285_1171,8326285_1190,8326285_1218,8326285_1847,8326285_1961,8326285_2011,8326285_2019,8326285_2097,498176_1112,498176_1642,498176_2424', 'gtm.uniqueEventId': 26691, 'gtm.willOpenInNewWindow': False}",2025-02-07T15:38:57.043Z
"{'event': 'gtm.click', 'gtm.element': 'WebElement(tag=a, text=BUILD AND ORDER)', 'gtm.elementClasses': 'secondary-link None', 'gtm.elementId': '', 'gtm.elementTarget': '_self', 'gtm.elementUrl': 'https://buildyour.landrover.co.uk/lr/en_gb/l551/ipr/personalise/', 'gtm.triggers': '598,599,2452,2453,2454,2455,2456,2457,2458,2459,2460,2461,2462,2463,2464,2465,2466,2467,2468,2469,2470,2471,2472,2473,2474,2475,2476,2477,2478,2479,2480,2481,2482,2483,2484,2485,2486,2487,2488,2489,2490,2491,2492,2493,2494,2495,2496,2497,2498,2499,3477,3478,3479,3480,3481,3482,3483,3484,3485,3486,3487,3488', 'gtm.uniqueEventId': 27414}",2025-02-07T15:39:00.519Z
"{'event': 'gtm.linkClick', 'eventCallback': {}, 'eventTimeout': 2000, 'gtm.element': 'WebElement(tag=a, text=BUILD AND ORDER)', 'gtm.elementClasses': 'secondary-link None', 'gtm.elementId': '', 'gtm.elementTarget': '_self', 'gtm.elementText': 'BUILD AND ORDER', 'gtm.elementUrl': 'https://buildyour.landrover.co.uk/lr/en_gb/l551/ipr/personalise/', 'gtm.triggers': '8326285_29,8326285_77,8326285_108,8326285_111,8326285_113,8326285_115,8326285_120,8326285_121,8326285_123,8326285_148,8326285_176,8326285_178,8326285_185,8326285_790,8326285_791,8326285_794,8326285_860,8326285_930,8326285_931,8326285_932,8326285_933,8326285_934,8326285_935,8326285_936,8326285_937,8326285_938,8326285_939,8326285_952,8326285_962,8326285_967,8326285_973,8326285_1171,8326285_1190,8326285_1218,8326285_1847,8326285_1961,8326285_2011,8326285_2019,8326285_2097,498176_1112,498176_1642,498176_2424', 'gtm.uniqueEventId': 27859, 'gtm.willOpenInNewWindow': False}",2025-02-07T15:39:00.698Z
"{'event': 'gtm.click', 'gtm.element': 'WebElement(tag=span, text=BUILD AND ORDER)', 'gtm.elementClasses': 'cta-content', 'gtm.elementId': '', 'gtm.elementTarget': '', 'gtm.elementUrl': '', 'gtm.triggers': '598,599,2452,2453,2454,2455,2456,2457,2458,2459,2460,2461,2462,2463,2464,2465,2466,2467,2468,2469,2470,2471,2472,2473,2474,2475,2476,2477,2478,2479,2480,2481,2482,2483,2484,2485,2486,2487,2488,2489,2490,2491,2492,2493,2494,2495,2496,2497,2498,2499,3477,3478,3479,3480,3481,3482,3483,3484,3485,3486,3487,3488', 'gtm.uniqueEventId': 28582}",2025-02-07T15:39:04.077Z
"{'event': 'gtm.linkClick', 'eventCallback': {}, 'eventTimeout': 2000, 'gtm.element': 'WebElement(tag=a, text=BUILD AND ORDER)', 'gtm.elementClasses': 'secondary-link None', 'gtm.elementId': '', 'gtm.elementTarget': '_self', 'gtm.elementText': 'BUILD AND ORDER', 'gtm.elementUrl': 'https://buildyour.landrover.co.uk/lr/en_gb/l551/ipr/personalise/', 'gtm.triggers': '8326285_29,8326285_77,8326285_108,8326285_111,8326285_113,8326285_115,8326285_120,8326285_121,8326285_123,8326285_148,8326285_176,8326285_178,8326285_185,8326285_790,8326285_791,8326285_794,8326285_860,8326285_930,8326285_931,8326285_932,8326285_933,8326285_934,8326285_935,8326285_936,8326285_937,8326285_938,8326285_939,8326285_952,8326285_962,8326285_967,8326285_973,8326285_1171,8326285_1190,8326285_1218,8326285_1847,8326285_1961,8326285_2011,8326285_2019,8326285_2097,498176_1112,498176_1642,498176_2424', 'gtm.uniqueEventId': 29027, 'gtm.willOpenInNewWindow': False}",2025-02-07T15:39:04.138Z
"{'event': 'gtm.click', 'gtm.element': 'WebElement(tag=span, text=FIND OUT MORE)', 'gtm.elementClasses': 'cta-content', 'gtm.elementId': '', 'gtm.elementTarget': '', 'gtm.elementUrl': '', 'gtm.triggers': '598,599,2452,2453,2454,2455,2456,2457,2458,2459,2460,2461,2462,2463,2464,2465,2466,2467,2468,2469,2470,2471,2472,2473,2474,2475,2476,2477,2478,2479,2480,2481,2482,2483,2484,2485,2486,2487,2488,2489,2490,2491,2492,2493,2494,2495,2496,2497,2498,2499,3477,3478,3479,3480,3481,3482,3483,3484,3485,3486,3487,3488', 'gtm.uniqueEventId': 29750}",2025-02-07T15:39:11.711Z
"{'event': 'gtm.linkClick', 'eventCallback': {}, 'eventTimeout': 2000, 'gtm.element': 'WebElement(tag=a, text=FIND OUT MORE)', 'gtm.elementClasses': 'primary-link icon-arrow-right', 'gtm.elementId': '', 'gtm.elementTarget': '_self', 'gtm.elementText': 'FIND OUT MORE', 'gtm.elementUrl': 'https://www.landrover.co.uk/insurance.html', 'gtm.triggers': '8326285_29,8326285_77,8326285_108,8326285_111,8326285_113,8326285_115,8326285_120,8326285_121,8326285_123,8326285_148,8326285_176,8326285_178,8326285_185,8326285_790,8326285_791,8326285_794,8326285_860,8326285_930,8326285_931,8326285_932,8326285_933,8326285_934,8326285_935,8326285_936,8326285_937,8326285_938,8326285_939,8326285_952,8326285_962,8326285_967,8326285_973,8326285_1171,8326285_1190,8326285_1218,8326285_1847,8326285_1961,8326285_2011,8326285_2019,8326285_2097,498176_1112,498176_1642,498176_2424', 'gtm.uniqueEventId': 30195, 'gtm.willOpenInNewWindow': False}",2025-02-07T15:39:12.088Z
"{'event': 'gtm.click', 'gtm.element': 'WebElement(tag=span, text=EXPLORE)', 'gtm.elementClasses': 'cta-content', 'gtm.elementId': '', 'gtm.elementTarget': '', 'gtm.elementUrl': '', 'gtm.triggers': '598,599,2452,2453,2454,2455,2456,2457,2458,2459,2460,2461,2462,2463,2464,2465,2466,2467,2468,2469,2470,2471,2472,2473,2474,2475,2476,2477,2478,2479,2480,2481,2482,2483,2484,2485,2486,2487,2488,2489,2490,2491,2492,2493,2494,2495,2496,2497,2498,2499,3477,3478,3479,3480,3481,3482,3483,3484,3485,3486,3487,3488', 'gtm.uniqueEventId': 30653}",2025-02-07T15:39:24.475Z
"{'event': 'gtm.linkClick', 'eventCallback': {}, 'eventTimeout': 2000, 'gtm.element': 'WebElement(tag=a, text=EXPLORE)', 'gtm.elementClasses': 'primary-link icon-arrow-right', 'gtm.elementId': '', 'gtm.elementTarget': '_self', 'gtm.elementText': 'EXPLORE', 'gtm.elementUrl': 'https://www.landrover.co.uk/range-rover/range-rover/index.html', 'gtm.triggers': '8326285_29,8326285_77,8326285_108,8326285_111,8326285_113,8326285_115,8326285_120,8326285_121,8326285_123,8326285_148,8326285_176,8326285_178,8326285_185,8326285_790,8326285_791,8326285_794,8326285_860,8326285_930,8326285_931,8326285_932,8326285_933,8326285_934,8326285_935,8326285_936,8326285_937,8326285_938,8326285_939,8326285_952,8326285_962,8326285_967,8326285_973,8326285_1171,8326285_1190,8326285_1218,8326285_1847,8326285_1961,8326285_2011,8326285_2019,8326285_2097,498176_1112,498176_1642,498176_2424', 'gtm.uniqueEventId': 31098, 'gtm.willOpenInNewWindow': False}",2025-02-07T15:39:24.675Z
"{'event': 'gtm.click', 'gtm.element': 'WebElement(tag=a, text=BUILD AND ORDER)', 'gtm.elementClasses': 'secondary-link None', 'gtm.elementId': '', 'gtm.elementTarget': '_self', 'gtm.elementUrl': 'https://buildyour.landrover.co.uk/lr/en_gb/l460/ipr/personalise/', 'gtm.triggers': '598,599,2452,2453,2454,2455,2456,2457,2458,2459,2460,2461,2462,2463,2464,2465,2466,2467,2468,2469,2470,2471,2472,2473,2474,2475,2476,2477,2478,2479,2480,2481,2482,2483,2484,2485,2486,2487,2488,2489,2490,2491,2492,2493,2494,2495,2496,2497,2498,2499,3477,3478,3479,3480,3481,3482,3483,3484,3485,3486,3487,3488', 'gtm.uniqueEventId': 31556}",2025-02-07T15:39:28.861Z
"{'event': 'gtm.linkClick', 'eventCallback': {}, 'eventTimeout': 2000, 'gtm.element': 'WebElement(tag=a, text=BUILD AND ORDER)', 'gtm.elementClasses': 'secondary-link None', 'gtm.elementId': '', 'gtm.elementTarget': '_self', 'gtm.elementText': 'BUILD AND ORDER', 'gtm.elementUrl': 'https://buildyour.landrover.co.uk/lr/en_gb/l460/ipr/personalise/', 'gtm.triggers': '8326285_29,8326285_77,8326285_108,8326285_111,8326285_113,8326285_115,8326285_120,8326285_121,8326285_123,8326285_148,8326285_176,8326285_178,8326285_185,8326285_790,8326285_791,8326285_794,8326285_860,8326285_930,8326285_931,8326285_932,8326285_933,8326285_934,8326285_935,8326285_936,8326285_937,8326285_938,8326285_939,8326285_952,8326285_962,8326285_967,8326285_973,8326285_1171,8326285_1190,8326285_1218,8326285_1847,8326285_1961,8326285_2011,8326285_2019,8326285_2097,498176_1112,498176_1642,498176_2424', 'gtm.uniqueEventId': 32001, 'gtm.willOpenInNewWindow': False}",2025-02-07T15:39:28.924Z
"{'event': 'gtm.click', 'gtm.element': 'WebElement(tag=span, text=BUILD AND ORDER)', 'gtm.elementClasses': 'cta-content', 'gtm.elementId': '', 'gtm.elementTarget': '', 'gtm.elementUrl': '', 'gtm.triggers': '598,599,2452,2453,2454,2455,2456,2457,2458,2459,2460,2461,2462,2463,2464,2465,2466,2467,2468,2469,2470,2471,2472,2473,2474,2475,2476,2477,2478,2479,2480,2481,2482,2483,2484,2485,2486,2487,2488,2489,2490,2491,2492,2493,2494,2495,2496,2497,2498,2499,3477,3478,3479,3480,3481,3482,3483,3484,3485,3486,3487,3488', 'gtm.uniqueEventId': 32459}",2025-02-07T15:39:32.525Z
"{'event': 'gtm.linkClick', 'eventCallback': {}, 'eventTimeout': 2000, 'gtm.element': 'WebElement(tag=a, text=BUILD AND ORDER)', 'gtm.elementClasses': 'secondary-link None', 'gtm.elementId': '', 'gtm.elementTarget': '_self', 'gtm.elementText': 'BUILD AND ORDER', 'gtm.elementUrl': 'https://buildyour.landrover.co.uk/lr/en_gb/l460/ipr/personalise/', 'gtm.triggers': '8326285_29,8326285_77,8326285_108,8326285_111,8326285_113,8326285_115,8326285_120,8326285_121,8326285_123,8326285_148,8326285_176,8326285_178,8326285_185,8326285_790,8326285_791,8326285_794,8326285_860,8326285_930,8326285_931,8326285_932,8326285_933,8326285_934,8326285_935,8326285_936,8326285_937,8326285_938,8326285_939,8326285_952,8326285_962,8326285_967,8326285_973,8326285_1171,8326285_1190,8326285_1218,8326285_1847,8326285_1961,8326285_2011,8326285_2019,8326285_2097,498176_1112,498176_1642,498176_2424', 'gtm.uniqueEventId': 32904, 'gtm.willOpenInNewWindow': False}",2025-02-07T15:39:32.607Z
"{'event': 'gtm.click', 'gtm.element': 'WebElement(tag=span, text=EXPLORE)', 'gtm.elementClasses': 'cta-content', 'gtm.elementId': '', 'gtm.elementTarget': '', 'gtm.elementUrl': '', 'gtm.triggers': '598,599,2452,2453,2454,2455,2456,2457,2458,2459,2460,2461,2462,2463,2464,2465,2466,2467,2468,2469,2470,2471,2472,2473,2474,2475,2476,2477,2478,2479,2480,2481,2482,2483,2484,2485,2486,2487,2488,2489,2490,2491,2492,2493,2494,2495,2496,2497,2498,2499,3477,3478,3479,3480,3481,3482,3483,3484,3485,3486,3487,3488', 'gtm.uniqueEventId': 33362}",2025-02-07T15:39:35.959Z
"{'event': 'gtm.linkClick', 'eventCallback': {}, 'eventTimeout': 2000, 'gtm.element': 'WebElement(tag=a, text=EXPLORE)', 'gtm.elementClasses': 'primary-link icon-arrow-right', 'gtm.elementId': '', 'gtm.elementTarget': '_self', 'gtm.elementText': 'EXPLORE', 'gtm.elementUrl': 'https://www.landrover.co.uk/range-rover/range-rover-sport/index.html', 'gtm.triggers': '8326285_29,8326285_77,8326285_108,8326285_111,8326285_113,8326285_115,8326285_120,8326285_121,8326285_123,8326285_148,8326285_176,8326285_178,8326285_185,8326285_790,8326285_791,8326285_794,8326285_860,8326285_930,8326285_931,8326285_932,8326285_933,8326285_934,8326285_935,8326285_936,8326285_937,8326285_938,8326285_939,8326285_952,8326285_962,8326285_967,8326285_973,8326285_1171,8326285_1190,8326285_1218,8326285_1847,8326285_1961,8326285_2011,8326285_2019,8326285_2097,498176_1112,498176_1642,498176_2424', 'gtm.uniqueEventId': 33807, 'gtm.willOpenInNewWindow': False}",2025-02-07T15:39:36.035Z
"{'event': 'gtm.click', 'gtm.element': 'WebElement(tag=a, text=BUILD AND ORDER)', 'gtm.elementClasses': 'secondary-link None', 'gtm.elementId': '', 'gtm.elementTarget': '_self', 'gtm.elementUrl': 'https://buildyour.landrover.co.uk/lr/en_gb/l461/ipr/personalise/', 'gtm.triggers': '598,599,2452,2453,2454,2455,2456,2457,2458,2459,2460,2461,2462,2463,2464,2465,2466,2467,2468,2469,2470,2471,2472,2473,2474,2475,2476,2477,2478,2479,2480,2481,2482,2483,2484,2485,2486,2487,2488,2489,2490,2491,2492,2493,2494,2495,2496,2497,2498,2499,3477,3478,3479,3480,3481,3482,3483,3484,3485,3486,3487,3488', 'gtm.uniqueEventId': 34265}",2025-02-07T15:39:39.414Z
"{'event': 'gtm.linkClick', 'eventCallback': {}, 'eventTimeout': 2000, 'gtm.element': 'WebElement(tag=a, text=BUILD AND ORDER)', 'gtm.elementClasses': 'secondary-link None', 'gtm.elementId': '', 'gtm.elementTarget': '_self', 'gtm.elementText': 'BUILD AND ORDER', 'gtm.elementUrl': 'https://buildyour.landrover.co.uk/lr/en_gb/l461/ipr/personalise/', 'gtm.triggers': '8326285_29,8326285_77,8326285_108,8326285_111,8326285_113,8326285_115,8326285_120,8326285_121,8326285_123,8326285_148,8326285_176,8326285_178,8326285_185,8326285_790,8326285_791,8326285_794,8326285_860,8326285_930,8326285_931,8326285_932,8326285_933,8326285_934,8326285_935,8326285_936,8326285_937,8326285_938,8326285_939,8326285_952,8326285_962,8326285_967,8326285_973,8326285_1171,8326285_1190,8326285_1218,8326285_1847,8326285_1961,8326285_2011,8326285_2019,8326285_2097,498176_1112,498176_1642,498176_2424', 'gtm.uniqueEventId': 34710, 'gtm.willOpenInNewWindow': False}",2025-02-07T15:39:39.481Z
"{'event': 'gtm.click', 'gtm.element': 'WebElement(tag=span, text=BUILD AND ORDER)', 'gtm.elementClasses': 'cta-content', 'gtm.elementId': '', 'gtm.elementTarget': '', 'gtm.elementUrl': '', 'gtm.triggers': '598,599,2452,2453,2454,2455,2456,2457,2458,2459,2460,2461,2462,2463,2464,2465,2466,2467,2468,2469,2470,2471,2472,2473,2474,2475,2476,2477,2478,2479,2480,2481,2482,2483,2484,2485,2486,2487,2488,2489,2490,2491,2492,2493,2494,2495,2496,2497,2498,2499,3477,3478,3479,3480,3481,3482,3483,3484,3485,3486,3487,3488', 'gtm.uniqueEventId': 35168}",2025-02-07T15:39:42.849Z
"{'event': 'gtm.linkClick', 'eventCallback': {}, 'eventTimeout': 2000, 'gtm.element': 'WebElement(tag=a, text=BUILD AND ORDER)', 'gtm.elementClasses': 'secondary-link None', 'gtm.elementId': '', 'gtm.elementTarget': '_self', 'gtm.elementText': 'BUILD AND ORDER', 'gtm.elementUrl': 'https://buildyour.landrover.co.uk/lr/en_gb/l461/ipr/personalise/', 'gtm.triggers': '8326285_29,8326285_77,8326285_108,8326285_111,8326285_113,8326285_115,8326285_120,8326285_121,8326285_123,8326285_148,8326285_176,8326285_178,8326285_185,8326285_790,8326285_791,8326285_794,8326285_860,8326285_930,8326285_931,8326285_932,8326285_933,8326285_934,8326285_935,8326285_936,8326285_937,8326285_938,8326285_939,8326285_952,8326285_962,8326285_967,8326285_973,8326285_1171,8326285_1190,8326285_1218,8326285_1847,8326285_1961,8326285_2011,8326285_2019,8326285_2097,498176_1112,498176_1642,498176_2424', 'gtm.uniqueEventId': 35613, 'gtm.willOpenInNewWindow': False}",2025-02-07T15:39:42.918Z
"{'event': 'gtm.click', 'gtm.element': 'WebElement(tag=span, text=EXPLORE)', 'gtm.elementClasses': 'cta-content', 'gtm.elementId': '', 'gtm.elementTarget': '', 'gtm.elementUrl': '', 'gtm.triggers': '598,599,2452,2453,2454,2455,2456,2457,2458,2459,2460,2461,2462,2463,2464,2465,2466,2467,2468,2469,2470,2471,2472,2473,2474,2475,2476,2477,2478,2479,2480,2481,2482,2483,2484,2485,2486,2487,2488,2489,2490,2491,2492,2493,2494,2495,2496,2497,2498,2499,3477,3478,3479,3480,3481,3482,3483,3484,3485,3486,3487,3488', 'gtm.uniqueEventId': 36071}",2025-02-07T15:39:46.293Z
"{'event': 'gtm.linkClick', 'eventCallback': {}, 'eventTimeout': 2000, 'gtm.element': 'WebElement(tag=a, text=EXPLORE)', 'gtm.elementClasses': 'primary-link icon-arrow-right', 'gtm.elementId': '', 'gtm.elementTarget': '_self', 'gtm.elementText': 'EXPLORE', 'gtm.elementUrl': 'https://www.landrover.co.uk/range-rover/range-rover-velar/index.html', 'gtm.triggers': '8326285_29,8326285_77,8326285_108,8326285_111,8326285_113,8326285_115,8326285_120,8326285_121,8326285_123,8326285_148,8326285_176,8326285_178,8326285_185,8326285_790,8326285_791,8326285_794,8326285_860,8326285_930,8326285_931,8326285_932,8326285_933,8326285_934,8326285_935,8326285_936,8326285_937,8326285_938,8326285_939,8326285_952,8326285_962,8326285_967,8326285_973,8326285_1171,8326285_1190,8326285_1218,8326285_1847,8326285_1961,8326285_2011,8326285_2019,8326285_2097,498176_1112,498176_1642,498176_2424', 'gtm.uniqueEventId': 36516, 'gtm.willOpenInNewWindow': False}",2025-02-07T15:39:46.371Z
"{'event': 'gtm.click', 'gtm.element': 'WebElement(tag=a, text=BUILD AND ORDER)', 'gtm.elementClasses': 'secondary-link None', 'gtm.elementId': '', 'gtm.elementTarget': '_self', 'gtm.elementUrl': 'https://buildyour.landrover.co.uk/lr/en_gb/l560/ipr/personalise/', 'gtm.triggers': '598,599,2452,2453,2454,2455,2456,2457,2458,2459,2460,2461,2462,2463,2464,2465,2466,2467,2468,2469,2470,2471,2472,2473,2474,2475,2476,2477,2478,2479,2480,2481,2482,2483,2484,2485,2486,2487,2488,2489,2490,2491,2492,2493,2494,2495,2496,2497,2498,2499,3477,3478,3479,3480,3481,3482,3483,3484,3485,3486,3487,3488', 'gtm.uniqueEventId': 36974}",2025-02-07T15:39:49.811Z
"{'event': 'gtm.linkClick', 'eventCallback': {}, 'eventTimeout': 2000, 'gtm.element': 'WebElement(tag=a, text=BUILD AND ORDER)', 'gtm.elementClasses': 'secondary-link None', 'gtm.elementId': '', 'gtm.elementTarget': '_self', 'gtm.elementText': 'BUILD AND ORDER', 'gtm.elementUrl': 'https://buildyour.landrover.co.uk/lr/en_gb/l560/ipr/personalise/', 'gtm.triggers': '8326285_29,8326285_77,8326285_108,8326285_111,8326285_113,8326285_115,8326285_120,8326285_121,8326285_123,8326285_148,8326285_176,8326285_178,8326285_185,8326285_790,8326285_791,8326285_794,8326285_860,8326285_930,8326285_931,8326285_932,8326285_933,8326285_934,8326285_935,8326285_936,8326285_937,8326285_938,8326285_939,8326285_952,8326285_962,8326285_967,8326285_973,8326285_1171,8326285_1190,8326285_1218,8326285_1847,8326285_1961,8326285_2011,8326285_2019,8326285_2097,498176_1112,498176_1642,498176_2424', 'gtm.uniqueEventId': 37419, 'gtm.willOpenInNewWindow': False}",2025-02-07T15:39:49.869Z
"{'event': 'gtm.click', 'gtm.element': 'WebElement(tag=span, text=BUILD AND ORDER)', 'gtm.elementClasses': 'cta-content', 'gtm.elementId': '', 'gtm.elementTarget': '', 'gtm.elementUrl': '', 'gtm.triggers': '598,599,2452,2453,2454,2455,2456,2457,2458,2459,2460,2461,2462,2463,2464,2465,2466,2467,2468,2469,2470,2471,2472,2473,2474,2475,2476,2477,2478,2479,2480,2481,2482,2483,2484,2485,2486,2487,2488,2489,2490,2491,2492,2493,2494,2495,2496,2497,2498,2499,3477,3478,3479,3480,3481,3482,3483,3484,3485,3486,3487,3488', 'gtm.uniqueEventId': 37877}",2025-02-07T15:39:53.341Z
"{'event': 'gtm.linkClick', 'eventCallback': {}, 'eventTimeout': 2000, 'gtm.element': 'WebElement(tag=a, text=BUILD AND ORDER)', 'gtm.elementClasses': 'secondary-link None', 'gtm.elementId': '', 'gtm.elementTarget': '_self', 'gtm.elementText': 'BUILD AND ORDER', 'gtm.elementUrl': 'https://buildyour.landrover.co.uk/lr/en_gb/l560/ipr/personalise/', 'gtm.triggers': '8326285_29,8326285_77,8326285_108,8326285_111,8326285_113,8326285_115,8326285_120,8326285_121,8326285_123,8326285_148,8326285_176,8326285_178,8326285_185,8326285_790,8326285_791,8326285_794,8326285_860,8326285_930,8326285_931,8326285_932,8326285_933,8326285_934,8326285_935,8326285_936,8326285_937,8326285_938,8326285_939,8326285_952,8326285_962,8326285_967,8326285_973,8326285_1171,8326285_1190,8326285_1218,8326285_1847,8326285_1961,8326285_2011,8326285_2019,8326285_2097,498176_1112,498176_1642,498176_2424', 'gtm.uniqueEventId': 38322, 'gtm.willOpenInNewWindow': False}",2025-02-07T15:39:53.415Z
"{'event': 'gtm.click', 'gtm.element': 'WebElement(tag=span, text=EXPLORE)', 'gtm.elementClasses': 'cta-content', 'gtm.elementId': '', 'gtm.elementTarget': '', 'gtm.elementUrl': '', 'gtm.triggers': '598,599,2452,2453,2454,2455,2456,2457,2458,2459,2460,2461,2462,2463,2464,2465,2466,2467,2468,2469,2470,2471,2472,2473,2474,2475,2476,2477,2478,2479,2480,2481,2482,2483,2484,2485,2486,2487,2488,2489,2490,2491,2492,2493,2494,2495,2496,2497,2498,2499,3477,3478,3479,3480,3481,3482,3483,3484,3485,3486,3487,3488', 'gtm.uniqueEventId': 38780}",2025-02-07T15:39:56.843Z
"{'event': 'gtm.linkClick', 'eventCallback': {}, 'eventTimeout': 2000, 'gtm.element': 'WebElement(tag=a, text=EXPLORE)', 'gtm.elementClasses': 'primary-link icon-arrow-right', 'gtm.elementId': '', 'gtm.elementTarget': '_self', 'gtm.elementText': 'EXPLORE', 'gtm.elementUrl': 'https://www.landrover.co.uk/range-rover/range-rover-evoque/index.html', 'gtm.triggers': '8326285_29,8326285_77,8326285_108,8326285_111,8326285_113,8326285_115,8326285_120,8326285_121,8326285_123,8326285_148,8326285_176,8326285_178,8326285_185,8326285_790,8326285_791,8326285_794,8326285_860,8326285_930,8326285_931,8326285_932,8326285_933,8326285_934,8326285_935,8326285_936,8326285_937,8326285_938,8326285_939,8326285_952,8326285_962,8326285_967,8326285_973,8326285_1171,8326285_1190,8326285_1218,8326285_1847,8326285_1961,8326285_2011,8326285_2019,8326285_2097,498176_1112,498176_1642,498176_2424', 'gtm.uniqueEventId': 39225, 'gtm.willOpenInNewWindow': False}",2025-02-07T15:39:56.900Z
"{'event': 'gtm.click', 'gtm.element': 'WebElement(tag=a, text=BUILD AND ORDER)', 'gtm.elementClasses': 'secondary-link None', 'gtm.elementId': '', 'gtm.elementTarget': '_self', 'gtm.elementUrl': 'https://buildyour.landrover.co.uk/lr/en_gb/l551/ipr/personalise/', 'gtm.triggers': '598,599,2452,2453,2454,2455,2456,2457,2458,2459,2460,2461,2462,2463,2464,2465,2466,2467,2468,2469,2470,2471,2472,2473,2474,2475,2476,2477,2478,2479,2480,2481,2482,2483,2484,2485,2486,2487,2488,2489,2490,2491,2492,2493,2494,2495,2496,2497,2498,2499,3477,3478,3479,3480,3481,3482,3483,3484,3485,3486,3487,3488', 'gtm.uniqueEventId': 39683}",2025-02-07T15:40:00.298Z
"{'event': 'gtm.linkClick', 'eventCallback': {}, 'eventTimeout': 2000, 'gtm.element': 'WebElement(tag=a, text=BUILD AND ORDER)', 'gtm.elementClasses': 'secondary-link None', 'gtm.elementId': '', 'gtm.elementTarget': '_self', 'gtm.elementText': 'BUILD AND ORDER', 'gtm.elementUrl': 'https://buildyour.landrover.co.uk/lr/en_gb/l551/ipr/personalise/', 'gtm.triggers': '8326285_29,8326285_77,8326285_108,8326285_111,8326285_113,8326285_115,8326285_120,8326285_121,8326285_123,8326285_148,8326285_176,8326285_178,8326285_185,8326285_790,8326285_791,8326285_794,8326285_860,8326285_930,8326285_931,8326285_932,8326285_933,8326285_934,8326285_935,8326285_936,8326285_937,8326285_938,8326285_939,8326285_952,8326285_962,8326285_967,8326285_973,8326285_1171,8326285_1190,8326285_1218,8326285_1847,8326285_1961,8326285_2011,8326285_2019,8326285_2097,498176_1112,498176_1642,498176_2424', 'gtm.uniqueEventId': 40128, 'gtm.willOpenInNewWindow': False}",2025-02-07T15:40:00.391Z
"{'event': 'gtm.click', 'gtm.element': 'WebElement(tag=span, text=BUILD AND ORDER)', 'gtm.elementClasses': 'cta-content', 'gtm.elementId': '', 'gtm.elementTarget': '', 'gtm.elementUrl': '', 'gtm.triggers': '598,599,2452,2453,2454,2455,2456,2457,2458,2459,2460,2461,2462,2463,2464,2465,2466,2467,2468,2469,2470,2471,2472,2473,2474,2475,2476,2477,2478,2479,2480,2481,2482,2483,2484,2485,2486,2487,2488,2489,2490,2491,2492,2493,2494,2495,2496,2497,2498,2499,3477,3478,3479,3480,3481,3482,3483,3484,3485,3486,3487,3488', 'gtm.uniqueEventId': 40586}",2025-02-07T15:40:03.794Z
"{'event': 'gtm.linkClick', 'eventCallback': {}, 'eventTimeout': 2000, 'gtm.element': 'WebElement(tag=a, text=BUILD AND ORDER)', 'gtm.elementClasses': 'secondary-link None', 'gtm.elementId': '', 'gtm.elementTarget': '_self', 'gtm.elementText': 'BUILD AND ORDER', 'gtm.elementUrl': 'https://buildyour.landrover.co.uk/lr/en_gb/l551/ipr/personalise/', 'gtm.triggers': '8326285_29,8326285_77,8326285_108,8326285_111,8326285_113,8326285_115,8326285_120,8326285_121,8326285_123,8326285_148,8326285_176,8326285_178,8326285_185,8326285_790,8326285_791,8326285_794,8326285_860,8326285_930,8326285_931,8326285_932,8326285_933,8326285_934,8326285_935,8326285_936,8326285_937,8326285_938,8326285_939,8326285_952,8326285_962,8326285_967,8326285_973,8326285_1171,8326285_1190,8326285_1218,8326285_1847,8326285_1961,8326285_2011,8326285_2019,8326285_2097,498176_1112,498176_1642,498176_2424', 'gtm.uniqueEventId': 41031, 'gtm.willOpenInNewWindow': False}",2025-02-07T15:40:03.859Z
"{'event': 'gtm.click', 'gtm.element': 'WebElement(tag=a, text=BOOK YOUR TEST DRIVE)', 'gtm.elementClasses': 'secondary-link None', 'gtm.elementId': '', 'gtm.elementTarget': '_self', 'gtm.elementUrl': 'https://lrforms.landrover.co.uk/landr-gb-en/servlet/SmartForm.html?formCode=lr-td2-gb-en&variant=RangeRover', 'gtm.triggers': '598,599,2452,2453,2454,2455,2456,2457,2458,2459,2460,2461,2462,2463,2464,2465,2466,2467,2468,2469,2470,2471,2472,2473,2474,2475,2476,2477,2478,2479,2480,2481,2482,2483,2484,2485,2486,2487,2488,2489,2490,2491,2492,2493,2494,2495,2496,2497,2498,2499,3477,3478,3479,3480,3481,3482,3483,3484,3485,3486,3487,3488', 'gtm.uniqueEventId': 41489}",2025-02-07T15:40:10.941Z
"{'event': 'gtm.linkClick', 'eventCallback': {}, 'eventTimeout': 2000, 'gtm.element': 'WebElement(tag=a, text=BOOK YOUR TEST DRIVE)', 'gtm.elementClasses': 'secondary-link None', 'gtm.elementId': '', 'gtm.elementTarget': '_self', 'gtm.elementText': 'BOOK YOUR TEST DRIVE', 'gtm.elementUrl': 'https://lrforms.landrover.co.uk/landr-gb-en/servlet/SmartForm.html?formCode=lr-td2-gb-en&variant=RangeRover', 'gtm.triggers': '8326285_29,8326285_77,8326285_108,8326285_111,8326285_113,8326285_115,8326285_120,8326285_121,8326285_123,8326285_148,8326285_176,8326285_178,8326285_185,8326285_790,8326285_791,8326285_794,8326285_860,8326285_930,8326285_931,8326285_932,8326285_933,8326285_934,8326285_935,8326285_936,8326285_937,8326285_938,8326285_939,8326285_952,8326285_962,8326285_967,8326285_973,8326285_1171,8326285_1190,8326285_1218,8326285_1847,8326285_1961,8326285_2011,8326285_2019,8326285_2097,498176_1112,498176_1642,498176_2424', 'gtm.uniqueEventId': 41934, 'gtm.willOpenInNewWindow': False}",2025-02-07T15:40:11.161Z
"{'event': 'gtm.click', 'gtm.element': 'WebElement(tag=span, text=BOOK YOUR TEST DRIVE)', 'gtm.elementClasses': 'cta-content', 'gtm.elementId': '', 'gtm.elementTarget': '', 'gtm.elementUrl': '', 'gtm.triggers': '598,599,2452,2453,2454,2455,2456,2457,2458,2459,2460,2461,2462,2463,2464,2465,2466,2467,2468,2469,2470,2471,2472,2473,2474,2475,2476,2477,2478,2479,2480,2481,2482,2483,2484,2485,2486,2487,2488,2489,2490,2491,2492,2493,2494,2495,2496,2497,2498,2499,3477,3478,3479,3480,3481,3482,3483,3484,3485,3486,3487,3488', 'gtm.uniqueEventId': 42657}",2025-02-07T15:40:15.389Z
"{'event': 'gtm.linkClick', 'eventCallback': {}, 'eventTimeout': 2000, 'gtm.element': 'WebElement(tag=a, text=BOOK YOUR TEST DRIVE)', 'gtm.elementClasses': 'secondary-link None', 'gtm.elementId': '', 'gtm.elementTarget': '_self', 'gtm.elementText': 'BOOK YOUR TEST DRIVE', 'gtm.elementUrl': 'https://lrforms.landrover.co.uk/landr-gb-en/servlet/SmartForm.html?formCode=lr-td2-gb-en&variant=RangeRover', 'gtm.triggers': '8326285_29,8326285_77,8326285_108,8326285_111,8326285_113,8326285_115,8326285_120,8326285_121,8326285_123,8326285_148,8326285_176,8326285_178,8326285_185,8326285_790,8326285_791,8326285_794,8326285_860,8326285_930,8326285_931,8326285_932,8326285_933,8326285_934,8326285_935,8326285_936,8326285_937,8326285_938,8326285_939,8326285_952,8326285_962,8326285_967,8326285_973,8326285_1171,8326285_1190,8326285_1218,8326285_1847,8326285_1961,8326285_2011,8326285_2019,8326285_2097,498176_1112,498176_1642,498176_2424', 'gtm.uniqueEventId': 43102, 'gtm.willOpenInNewWindow': False}",2025-02-07T15:40:15.540Z
"{'event': 'gtm.click', 'gtm.element': 'WebElement(tag=a, text=BUILD AND ORDER)', 'gtm.elementClasses': 'secondary-link None', 'gtm.elementId': '', 'gtm.elementTarget': '_self', 'gtm.elementUrl': 'https://www.landrover.co.uk/build-your-own/index.html', 'gtm.triggers': '598,599,2452,2453,2454,2455,2456,2457,2458,2459,2460,2461,2462,2463,2464,2465,2466,2467,2468,2469,2470,2471,2472,2473,2474,2475,2476,2477,2478,2479,2480,2481,2482,2483,2484,2485,2486,2487,2488,2489,2490,2491,2492,2493,2494,2495,2496,2497,2498,2499,3477,3478,3479,3480,3481,3482,3483,3484,3485,3486,3487,3488', 'gtm.uniqueEventId': 43825}",2025-02-07T15:40:19.221Z
"{'event': 'gtm.linkClick', 'eventCallback': {}, 'eventTimeout': 2000, 'gtm.element': 'WebElement(tag=a, text=BUILD AND ORDER)', 'gtm.elementClasses': 'secondary-link None', 'gtm.elementId': '', 'gtm.elementTarget': '_self', 'gtm.elementText': 'BUILD AND ORDER', 'gtm.elementUrl': 'https://www.landrover.co.uk/build-your-own/index.html', 'gtm.triggers': '8326285_29,8326285_77,8326285_108,8326285_111,8326285_113,8326285_115,8326285_120,8326285_121,8326285_123,8326285_148,8326285_176,8326285_178,8326285_185,8326285_790,8326285_791,8326285_794,8326285_860,8326285_930,8326285_931,8326285_932,8326285_933,8326285_934,8326285_935,8326285_936,8326285_937,8326285_938,8326285_939,8326285_952,8326285_962,8326285_967,8326285_973,8326285_1171,8326285_1190,8326285_1218,8326285_1847,8326285_1961,8326285_2011,8326285_2019,8326285_2097,498176_1112,498176_1642,498176_2424', 'gtm.uniqueEventId': 44270, 'gtm.willOpenInNewWindow': False}",2025-02-07T15:40:19.310Z
"{'event': 'gtm.click', 'gtm.element': 'WebElement(tag=span, text=BUILD AND ORDER)', 'gtm.elementClasses': 'cta-content', 'gtm.elementId': '', 'gtm.elementTarget': '', 'gtm.elementUrl': '', 'gtm.triggers': '598,599,2452,2453,2454,2455,2456,2457,2458,2459,2460,2461,2462,2463,2464,2465,2466,2467,2468,2469,2470,2471,2472,2473,2474,2475,2476,2477,2478,2479,2480,2481,2482,2483,2484,2485,2486,2487,2488,2489,2490,2491,2492,2493,2494,2495,2496,2497,2498,2499,3477,3478,3479,3480,3481,3482,3483,3484,3485,3486,3487,3488', 'gtm.uniqueEventId': 44993}",2025-02-07T15:40:22.860Z
"{'event': 'gtm.linkClick', 'eventCallback': {}, 'eventTimeout': 2000, 'gtm.element': 'WebElement(tag=a, text=BUILD AND ORDER)', 'gtm.elementClasses': 'secondary-link None', 'gtm.elementId': '', 'gtm.elementTarget': '_self', 'gtm.elementText': 'BUILD AND ORDER', 'gtm.elementUrl': 'https://www.landrover.co.uk/build-your-own/index.html', 'gtm.triggers': '8326285_29,8326285_77,8326285_108,8326285_111,8326285_113,8326285_115,8326285_120,8326285_121,8326285_123,8326285_148,8326285_176,8326285_178,8326285_185,8326285_790,8326285_791,8326285_794,8326285_860,8326285_930,8326285_931,8326285_932,8326285_933,8326285_934,8326285_935,8326285_936,8326285_937,8326285_938,8326285_939,8326285_952,8326285_962,8326285_967,8326285_973,8326285_1171,8326285_1190,8326285_1218,8326285_1847,8326285_1961,8326285_2011,8326285_2019,8326285_2097,498176_1112,498176_1642,498176_2424', 'gtm.uniqueEventId': 45438, 'gtm.willOpenInNewWindow': False}",2025-02-07T15:40:22.940Z
"{'event': 'gtm.click', 'gtm.element': 'WebElement(tag=a, text=CHECK AVAILABILITY)', 'gtm.elementClasses': 'secondary-link None', 'gtm.elementId': '', 'gtm.elementTarget': '_self', 'gtm.elementUrl': 'https://www.landrover.co.uk/vehicle-availability/index.html?brand=rangerover', 'gtm.triggers': '598,599,2452,2453,2454,2455,2456,2457,2458,2459,2460,2461,2462,2463,2464,2465,2466,2467,2468,2469,2470,2471,2472,2473,2474,2475,2476,2477,2478,2479,2480,2481,2482,2483,2484,2485,2486,2487,2488,2489,2490,2491,2492,2493,2494,2495,2496,2497,2498,2499,3477,3478,3479,3480,3481,3482,3483,3484,3485,3486,3487,3488', 'gtm.uniqueEventId': 46161}",2025-02-07T15:40:26.558Z
"{'event': 'gtm.linkClick', 'eventCallback': {}, 'eventTimeout': 2000, 'gtm.element': 'WebElement(tag=a, text=CHECK AVAILABILITY)', 'gtm.elementClasses': 'secondary-link None', 'gtm.elementId': '', 'gtm.elementTarget': '_self', 'gtm.elementText': 'CHECK AVAILABILITY', 'gtm.elementUrl': 'https://www.landrover.co.uk/vehicle-availability/index.html?brand=rangerover', 'gtm.triggers': '8326285_29,8326285_77,8326285_108,8326285_111,8326285_113,8326285_115,8326285_120,8326285_121,8326285_123,8326285_148,8326285_176,8326285_178,8326285_185,8326285_790,8326285_791,8326285_794,8326285_860,8326285_930,8326285_931,8326285_932,8326285_933,8326285_934,8326285_935,8326285_936,8326285_937,8326285_938,8326285_939,8326285_952,8326285_962,8326285_967,8326285_973,8326285_1171,8326285_1190,8326285_1218,8326285_1847,8326285_1961,8326285_2011,8326285_2019,8326285_2097,498176_1112,498176_1642,498176_2424', 'gtm.uniqueEventId': 46606, 'gtm.willOpenInNewWindow': False}",2025-02-07T15:40:26.639Z
"{'event': 'gtm.click', 'gtm.element': 'WebElement(tag=span, text=CHECK AVAILABILITY)', 'gtm.elementClasses': 'cta-content', 'gtm.elementId': '', 'gtm.elementTarget': '', 'gtm.elementUrl': '', 'gtm.triggers': '598,599,2452,2453,2454,2455,2456,2457,2458,2459,2460,2461,2462,2463,2464,2465,2466,2467,2468,2469,2470,2471,2472,2473,2474,2475,2476,2477,2478,2479,2480,2481,2482,2483,2484,2485,2486,2487,2488,2489,2490,2491,2492,2493,2494,2495,2496,2497,2498,2499,3477,3478,3479,3480,3481,3482,3483,3484,3485,3486,3487,3488', 'gtm.uniqueEventId': 47329}",2025-02-07T15:40:29.981Z
"{'event': 'gtm.linkClick', 'eventCallback': {}, 'eventTimeout': 2000, 'gtm.element': 'WebElement(tag=a, text=CHECK AVAILABILITY)', 'gtm.elementClasses': 'secondary-link None', 'gtm.elementId': '', 'gtm.elementTarget': '_self', 'gtm.elementText': 'CHECK AVAILABILITY', 'gtm.elementUrl': 'https://www.landrover.co.uk/vehicle-availability/index.html?brand=rangerover', 'gtm.triggers': '8326285_29,8326285_77,8326285_108,8326285_111,8326285_113,8326285_115,8326285_120,8326285_121,8326285_123,8326285_148,8326285_176,8326285_178,8326285_185,8326285_790,8326285_791,8326285_794,8326285_860,8326285_930,8326285_931,8326285_932,8326285_933,8326285_934,8326285_935,8326285_936,8326285_937,8326285_938,8326285_939,8326285_952,8326285_962,8326285_967,8326285_973,8326285_1171,8326285_1190,8326285_1218,8326285_1847,8326285_1961,8326285_2011,8326285_2019,8326285_2097,498176_1112,498176_1642,498176_2424', 'gtm.uniqueEventId': 47774, 'gtm.willOpenInNewWindow': False}",2025-02-07T15:40:30.040Z
"{'event': 'gtm.click', 'gtm.element': 'WebElement(tag=a, text=EXPLORE FINANCE OPTIONS)', 'gtm.elementClasses': 'secondary-link None', 'gtm.elementId': '', 'gtm.elementTarget': '_self', 'gtm.elementUrl': 'https://www.landrover.co.uk/offers-and-finance/finance-calculator.html#/models', 'gtm.triggers': '598,599,2452,2453,2454,2455,2456,2457,2458,2459,2460,2461,2462,2463,2464,2465,2466,2467,2468,2469,2470,2471,2472,2473,2474,2475,2476,2477,2478,2479,2480,2481,2482,2483,2484,2485,2486,2487,2488,2489,2490,2491,2492,2493,2494,2495,2496,2497,2498,2499,3477,3478,3479,3480,3481,3482,3483,3484,3485,3486,3487,3488', 'gtm.uniqueEventId': 48497}",2025-02-07T15:40:33.535Z
"{'event': 'gtm.pageError', 'gtm.errorLineNumber': 1, 'gtm.errorMessage': 'Uncaught Error: Syntax error, unrecognized expression: #/models', 'gtm.errorUrl': 'https://www.landrover.co.uk/etc.clientlibs/jlr/clientlibs/clientlib-dynamic-modules/resources/vendors-node_modules_jquery_dist_jquery_js.1c6a69b5222e2c10d485.js', 'gtm.uniqueEventId': 48942}",2025-02-07T15:40:33.599Z
"{'event': 'gtm.linkClick', 'eventCallback': {}, 'eventTimeout': 2000, 'gtm.element': 'WebElement(tag=a, text=EXPLORE FINANCE OPTIONS)', 'gtm.elementClasses': 'secondary-link None', 'gtm.elementId': '', 'gtm.elementTarget': '_self', 'gtm.elementText': 'EXPLORE FINANCE OPTIONS', 'gtm.elementUrl': 'https://www.landrover.co.uk/offers-and-finance/finance-calculator.html#/models', 'gtm.triggers': '8326285_29,8326285_77,8326285_108,8326285_111,8326285_113,8326285_115,8326285_120,8326285_121,8326285_123,8326285_148,8326285_176,8326285_178,8326285_185,8326285_790,8326285_791,8326285_794,8326285_860,8326285_930,8326285_931,8326285_932,8326285_933,8326285_934,8326285_935,8326285_936,8326285_937,8326285_938,8326285_939,8326285_952,8326285_962,8326285_967,8326285_973,8326285_1171,8326285_1190,8326285_1218,8326285_1847,8326285_1961,8326285_2011,8326285_2019,8326285_2097,498176_1112,498176_1642,498176_2424', 'gtm.uniqueEventId': 49122, 'gtm.willOpenInNewWindow': False}",2025-02-07T15:40:33.615Z
"{'event': 'gtm.click', 'gtm.element': 'WebElement(tag=span, text=EXPLORE FINANCE OPTIONS)', 'gtm.elementClasses': 'cta-content', 'gtm.elementId': '', 'gtm.elementTarget': '', 'gtm.elementUrl': '', 'gtm.triggers': '598,599,2452,2453,2454,2455,2456,2457,2458,2459,2460,2461,2462,2463,2464,2465,2466,2467,2468,2469,2470,2471,2472,2473,2474,2475,2476,2477,2478,2479,2480,2481,2482,2483,2484,2485,2486,2487,2488,2489,2490,2491,2492,2493,2494,2495,2496,2497,2498,2499,3477,3478,3479,3480,3481,3482,3483,3484,3485,3486,3487,3488', 'gtm.uniqueEventId': 49845}",2025-02-07T15:40:37.037Z
"{'event': 'gtm.pageError', 'gtm.errorLineNumber': 1, 'gtm.errorMessage': 'Uncaught Error: Syntax error, unrecognized expression: #/models', 'gtm.errorUrl': 'https://www.landrover.co.uk/etc.clientlibs/jlr/clientlibs/clientlib-dynamic-modules/resources/vendors-node_modules_jquery_dist_jquery_js.1c6a69b5222e2c10d485.js', 'gtm.uniqueEventId': 50290}",2025-02-07T15:40:37.112Z
"{'event': 'gtm.linkClick', 'eventCallback': {}, 'eventTimeout': 2000, 'gtm.element': 'WebElement(tag=a, text=EXPLORE FINANCE OPTIONS)', 'gtm.elementClasses': 'secondary-link None', 'gtm.elementId': '', 'gtm.elementTarget': '_self', 'gtm.elementText': 'EXPLORE FINANCE OPTIONS', 'gtm.elementUrl': 'https://www.landrover.co.uk/offers-and-finance/finance-calculator.html#/models', 'gtm.triggers': '8326285_29,8326285_77,8326285_108,8326285_111,8326285_113,8326285_115,8326285_120,8326285_121,8326285_123,8326285_148,8326285_176,8326285_178,8326285_185,8326285_790,8326285_791,8326285_794,8326285_860,8326285_930,8326285_931,8326285_932,8326285_933,8326285_934,8326285_935,8326285_936,8326285_937,8326285_938,8326285_939,8326285_952,8326285_962,8326285_967,8326285_973,8326285_1171,8326285_1190,8326285_1218,8326285_1847,8326285_1961,8326285_2011,8326285_2019,8326285_2097,498176_1112,498176_1642,498176_2424', 'gtm.uniqueEventId': 50470, 'gtm.willOpenInNewWindow': False}",2025-02-07T15:40:37.130Z
"{'event': 'gtm.click', 'gtm.element': 'WebElement(tag=span, text=EXPLORE)', 'gtm.elementClasses': 'cta-content', 'gtm.elementId': '', 'gtm.elementTarget': '', 'gtm.elementUrl': '', 'gtm.triggers': '598,599,2452,2453,2454,2455,2456,2457,2458,2459,2460,2461,2462,2463,2464,2465,2466,2467,2468,2469,2470,2471,2472,2473,2474,2475,2476,2477,2478,2479,2480,2481,2482,2483,2484,2485,2486,2487,2488,2489,2490,2491,2492,2493,2494,2495,2496,2497,2498,2499,3477,3478,3479,3480,3481,3482,3483,3484,3485,3486,3487,3488', 'gtm.uniqueEventId': 51193}",2025-02-07T15:40:51.621Z
"{'event': 'gtm.linkClick', 'eventCallback': {}, 'eventTimeout': 2000, 'gtm.element': 'WebElement(tag=a, text=EXPLORE)', 'gtm.elementClasses': 'primary-link   icon-arrow-right', 'gtm.elementId': '', 'gtm.elementTarget': '_self', 'gtm.elementText': 'EXPLORE', 'gtm.elementUrl': 'https://www.landrover.co.uk/explore/range-rover-chapters/index.html', 'gtm.triggers': '8326285_29,8326285_77,8326285_108,8326285_111,8326285_113,8326285_115,8326285_120,8326285_121,8326285_123,8326285_148,8326285_176,8326285_178,8326285_185,8326285_790,8326285_791,8326285_794,8326285_860,8326285_930,8326285_931,8326285_932,8326285_933,8326285_934,8326285_935,8326285_936,8326285_937,8326285_938,8326285_939,8326285_952,8326285_962,8326285_967,8326285_973,8326285_1171,8326285_1190,8326285_1218,8326285_1847,8326285_1961,8326285_2011,8326285_2019,8326285_2097,498176_1112,498176_1642,498176_2424', 'gtm.uniqueEventId': 51638, 'gtm.willOpenInNewWindow': False}",2025-02-07T15:40:51.689Z
